{"version": "1", "message": "ERROR: Hidden Testcases server unreachable.", "problem_id": "ads2_m4_a1_1", "user_id": "murali krishna", "score": {"sample": {"0": {"execution_time": 0.3383641242980957, "passed": true}, "1": {"execution_time": 0.4566018581390381, "passed": true}, "2": {"execution_time": 0.4651377201080322, "passed": true}, "3": {"execution_time": 0.5929758548736572, "passed": true}, "4": {"execution_time": 0.4388408660888672, "passed": true}, "5": {"execution_time": 0.36961889266967773, "passed": true}, "6": {"execution_time": 0.5285680294036865, "passed": true}, "7": {"execution_time": 0.5709967613220215, "passed": true}, "8": {"execution_time": 0.4679250717163086, "passed": true}, "9": {"execution_time": 0.3286459445953369, "passed": true}, "10": {"execution_time": 0.31816720962524414, "passed": true}, "11": {"execution_time": 0.40800905227661133, "passed": true}, "12": {"execution_time": 0.34993720054626465, "passed": true}, "13": {"execution_time": 3.661849021911621, "passed": true}, "14": {"execution_time": 0.42810893058776855, "passed": true}}}, "check_style_score": "1/1"}