{"version": "1", "message": "ERROR: Hidden Testcases server unreachable.", "problem_id": "ads2_m4_a1_1", "user_id": "murali krishna", "score": {"sample": {"0": {"execution_time": 1.5030159950256348, "passed": true}, "1": {"execution_time": 0.43932008743286133, "passed": true}, "2": {"execution_time": 0.4730403423309326, "passed": true}, "3": {"execution_time": 0.5209720134735107, "passed": true}, "4": {"execution_time": 0.3601992130279541, "passed": true}, "5": {"execution_time": 0.356065034866333, "passed": true}, "6": {"execution_time": 0.4244391918182373, "passed": true}, "7": {"execution_time": 0.3784499168395996, "passed": true}, "8": {"execution_time": 0.32410097122192383, "passed": true}, "9": {"execution_time": 0.2689638137817383, "passed": true}, "10": {"execution_time": 0.29029202461242676, "passed": true}, "11": {"execution_time": 0.32918810844421387, "passed": true}, "12": {"execution_time": 0.39165282249450684, "passed": true}, "13": {"execution_time": 1.933520793914795, "passed": true}, "14": {"execution_time": 0.32814788818359375, "passed": true}}}, "check_style_score": "1/1"}