{"version": "1", "message": "ERROR: Hidden Testcases server unreachable.", "problem_id": "ads2_m2_a1_1", "user_id": "murali krishna", "score": {"sample": {"0": {"execution_time": 0.386110782623291, "passed": true}, "1": {"execution_time": 0.30684494972229004, "passed": true}, "2": {"execution_time": 0.3172330856323242, "passed": true}, "3": {"execution_time": 0.26309680938720703, "passed": true}, "4": {"execution_time": 0.26267313957214355, "passed": true}, "5": {"execution_time": 0.24648594856262207, "passed": true}, "6": {"execution_time": 0.23938202857971191, "passed": true}, "7": {"execution_time": 0.24872207641601562, "passed": true}, "8": {"execution_time": 0.24570107460021973, "passed": true}, "9": {"execution_time": 0.250164270401001, "passed": true}, "10": {"execution_time": 0.24588584899902344, "passed": true}, "11": {"execution_time": 0.24381780624389648, "passed": true}, "12": {"execution_time": 0.24578094482421875, "passed": true}, "13": {"execution_time": 0.26579999923706055, "passed": true}, "14": {"execution_time": 0.2518148422241211, "passed": true}, "15": {"execution_time": 0.2704792022705078, "passed": true}, "16": {"execution_time": 0.28493499755859375, "passed": true}, "17": {"execution_time": 0.32199621200561523, "passed": true}, "18": {"execution_time": 0.3032722473144531, "passed": true}, "19": {"execution_time": 0.3243379592895508, "passed": true}, "20": {"execution_time": 0.34336161613464355, "passed": true}, "21": {"execution_time": 0.2586939334869385, "passed": true}, "22": {"execution_time": 0.374039888381958, "passed": true}, "23": {"execution_time": 0.3832371234893799, "passed": true}}}, "check_style_score": "1/1"}