{"version": "1", "message": "ERROR: Hidden Testcases server unreachable.", "problem_id": "ads2_m2_a1_1", "user_id": "murali krishna", "score": {"sample": {"0": {"execution_time": 0.31957578659057617, "passed": true}, "1": {"execution_time": 0.24840402603149414, "passed": true}, "2": {"execution_time": 0.2484121322631836, "passed": true}, "3": {"execution_time": 0.2486250400543213, "passed": true}, "4": {"execution_time": 0.25461697578430176, "passed": true}, "5": {"execution_time": 0.2545900344848633, "passed": true}, "6": {"execution_time": 0.252216100692749, "passed": true}, "7": {"execution_time": 0.2449488639831543, "passed": true}, "8": {"execution_time": 0.24783086776733398, "passed": true}, "9": {"execution_time": 0.2464749813079834, "passed": true}, "10": {"execution_time": 0.2470400333404541, "passed": true}, "11": {"execution_time": 0.2526588439941406, "passed": true}, "12": {"execution_time": 0.24630022048950195, "passed": true}, "13": {"execution_time": 0.24995112419128418, "passed": true}, "14": {"execution_time": 0.2687680721282959, "passed": true}, "15": {"execution_time": 0.27648091316223145, "passed": true}, "16": {"execution_time": 0.27603816986083984, "passed": true}, "17": {"execution_time": 0.33440589904785156, "passed": true}, "18": {"execution_time": 0.2926349639892578, "passed": true}, "19": {"execution_time": 0.32331204414367676, "passed": true}, "20": {"execution_time": 0.3466339111328125, "passed": true}, "21": {"execution_time": 0.2543971538543701, "passed": true}, "22": {"execution_time": 0.3879890441894531, "passed": true}, "23": {"execution_time": 0.3813469409942627, "passed": true}}}, "check_style_score": "1/1"}