{"version": "1", "message": "ERROR: Hidden Testcases server unreachable.", "problem_id": "ads2_m16_a1_1", "user_id": "murali krishna", "score": {"sample": {"0": {"execution_time": 0.5669100284576416, "passed": true}, "1": {"execution_time": 0.4661240577697754, "passed": true}, "2": {"execution_time": 1.221114158630371, "passed": true}, "3": {"execution_time": 2.2117929458618164, "passed": true}, "4": {"execution_time": 1.2012667655944824, "passed": true}, "5": {"execution_time": 1.2816989421844482, "passed": true}, "6": {"execution_time": 1.571584939956665, "passed": true}, "7": {"execution_time": 1.1529641151428223, "passed": true}, "8": {"execution_time": 0.6664707660675049, "passed": true}, "9": {"execution_time": 0.9779078960418701, "passed": true}, "10": {"execution_time": 1.1995539665222168, "passed": true}, "11": {"execution_time": 7.2102952003479, "passed": true}, "12": {"execution_time": 1.378262996673584, "passed": true}, "13": {"execution_time": 0.4226689338684082, "passed": true}, "14": {"execution_time": 1.3784518241882324, "passed": true}, "15": {"execution_time": 1.5758469104766846, "passed": true}, "16": {"execution_time": 0.6673719882965088, "passed": true}, "17": {"execution_time": 0.7019507884979248, "passed": true}, "18": {"execution_time": 0.6227986812591553, "passed": true}, "19": {"execution_time": 1.0502901077270508, "passed": true}, "20": {"execution_time": 1.3151562213897705, "passed": true}, "21": {"execution_time": 0.653123140335083, "passed": true}, "22": {"execution_time": 0.523024320602417, "passed": true}, "23": {"execution_time": 0.9675118923187256, "passed": true}, "24": {"execution_time": 0.5232820510864258, "passed": true}, "25": {"execution_time": 1.7153279781341553, "passed": true}, "26": {"execution_time": 1.326192855834961, "passed": true}, "27": {"execution_time": 1.8656179904937744, "passed": true}, "28": {"execution_time": 1.9050471782684326, "passed": true}, "29": {"execution_time": 0.41077494621276855, "passed": true}}}, "check_style_score": "1/1"}