{"version": "1", "message": "ERROR: Hidden Testcases server unreachable.", "problem_id": "ads2_m16_a1_1", "user_id": "murali krishna", "score": {"sample": {"0": {"execution_time": 0.45548486709594727, "passed": true}, "1": {"execution_time": 0.42778611183166504, "passed": true}, "2": {"execution_time": 1.1205439567565918, "passed": true}, "3": {"execution_time": 1.0970981121063232, "passed": true}, "4": {"execution_time": 0.9838688373565674, "passed": true}, "5": {"execution_time": 1.1386919021606445, "passed": true}, "6": {"execution_time": 0.9966030120849609, "passed": true}, "7": {"execution_time": 1.0917701721191406, "passed": true}, "8": {"execution_time": 0.5249168872833252, "passed": true}, "9": {"execution_time": 1.123870849609375, "passed": true}, "10": {"execution_time": 1.1233441829681396, "passed": true}, "11": {"execution_time": 5.847629070281982, "passed": true}, "12": {"execution_time": 1.1617212295532227, "passed": true}, "13": {"execution_time": 0.39417099952697754, "passed": true}, "14": {"execution_time": 1.0853817462921143, "passed": true}, "15": {"execution_time": 1.1525816917419434, "passed": true}, "16": {"execution_time": 0.5034568309783936, "passed": true}, "17": {"execution_time": 0.49709391593933105, "passed": true}, "18": {"execution_time": 0.49919795989990234, "passed": true}, "19": {"execution_time": 0.5531041622161865, "passed": true}, "20": {"execution_time": 0.7086310386657715, "passed": true}, "21": {"execution_time": 0.49280691146850586, "passed": true}, "22": {"execution_time": 0.4969930648803711, "passed": true}, "23": {"execution_time": 0.4904038906097412, "passed": true}, "24": {"execution_time": 0.35636091232299805, "passed": true}, "25": {"execution_time": 1.2716050148010254, "passed": true}, "26": {"execution_time": 0.9950919151306152, "passed": true}, "27": {"execution_time": 1.3179070949554443, "passed": true}, "28": {"execution_time": 1.9070847034454346, "passed": true}, "29": {"execution_time": 0.3667788505554199, "passed": true}}}, "check_style_score": "1/1"}